original order,Age
0,15
1,27
2,27
3,27
4,27
5,27
6,27
7,27
8,27
9,27
10,27
11,27
12,27
13,27
14,27
15,27
16,27
17,27
18,27
19,27
20,27
21,27
22,27
23,27
24,27
25,16
26,27
27,27
28,27
29,27
30,27
31,27
32,27
33,27
34,27
35,27
36,13
37,27
38,27
39,27
40,27
41,27
42,27
43,27
44,27
45,27
46,27
47,50
48,27
49,27
50,27
51,27
52,27
53,27
54,27
55,27
56,27
57,27
58,16
59,6
60,25
61,27
62,36
63,27
64,27
65,27
66,27
67,27
68,27
69,27
70,27
71,27
72,27
73,27
74,27
75,19
76,27
77,27
78,27
79,27
80,27
81,27
82,27
83,27
84,27
85,27
86,27
87,27
88,27
89,27
90,27
91,27
92,27
93,27
94,27
95,27
96,27
97,27
98,27
99,27
100,27
101,21
102,27
103,27
104,27
105,27
106,27
107,27
108,27
109,27
110,27
111,27
112,15
113,27
114,27
115,27
116,27
117,20
118,27
119,27
120,27
121,27
122,27
123,27
124,27
125,27
126,27
127,27
128,27
129,27
130,27
131,27
132,27
133,27
134,27
135,27
136,27
137,27
138,27
139,27
140,27
141,19
142,27
143,27
144,27
145,27
146,27
147,27
148,27
149,14
150,27
151,27
152,27
153,27
154,27
155,27
156,27
157,27
158,27
159,27
160,27
161,27
162,27
163,27
164,27
165,27
166,27
167,27
168,27
169,27
170,27
171,27
172,27
173,27
174,27
175,27
176,27
177,27
178,27
179,27
180,27
181,27
182,27
183,27
184,27
185,27
186,27
187,22
188,27
189,27
190,27
191,27
192,27
193,27
194,27
195,27
196,27
197,27
198,27
199,27
200,27
201,27
202,27
203,27
204,27
205,17
206,27
207,27
208,27
209,27
210,27
211,27
212,52
213,27
214,27
215,27
216,27
217,27
218,27
219,27
220,27
221,27
222,27
223,27
224,12
225,27
226,27
227,29
228,27
229,27
230,27
231,27
232,27
233,27
234,27
235,27
236,27
237,27
238,7
239,27
240,15
241,27
242,27
243,27
244,27
245,27
246,27
247,27
248,27
249,27
250,27
251,27
252,27
253,27
254,27
255,27
256,27
257,27
258,27
259,27
260,19
261,27
262,27
263,27
264,27
265,15
266,27
267,27
268,27
269,27
270,27
271,27
272,27
273,27
274,27
275,27
276,27
277,27
278,27
279,27
280,27
281,27
282,1
283,27
284,27
285,27
286,27
287,27
288,27
289,27
290,27
291,27
292,27
293,27
294,27
295,27
296,27
297,27
298,27
299,2
300,27
301,27
302,27
303,17
304,27
305,22
306,27
307,27
308,27
309,27
310,22
311,27
312,27
313,27
314,21
315,27
316,27
317,27
318,27
319,27
320,27
321,27
322,27
323,27
324,27
325,27
326,27
327,27
328,27
329,27
330,27
331,27
332,18
333,18
334,27
335,27
336,27
337,27
338,28
339,27
340,27
341,27
342,27
343,17
344,26
345,27
346,27
347,27
348,27
349,18
350,27
351,27
352,27
353,27
354,27
355,27
356,27
357,27
358,27
359,27
360,13
361,27
362,27
363,27
364,27
365,27
366,27
367,17
368,27
369,27
370,27
371,27
372,27
373,27
374,27
375,27
376,27
377,27
378,27
379,35
380,27
381,27
382,27
383,27
384,17
385,40
386,39
387,13
388,40
389,40
390,27
391,27
392,27
393,27
394,30
395,27
396,27
397,27
398,27
399,27
400,27
401,27
402,27
403,27
404,27
405,27
406,27
407,27
408,27
409,27
410,27
411,27
412,27
413,27
414,27
415,27
416,27
417,27
418,27
419,27
420,27
421,27
422,27
423,27
424,27
425,27
426,3
427,27
428,27
429,27
430,27
431,27
432,27
433,27
434,27
435,27
436,27
437,27
438,27
439,27
440,27
441,27
442,27
443,15
444,27
445,27
446,27
447,27
448,27
449,27
450,11
451,27
452,11
453,27
454,27
455,27
456,27
457,14
458,27
459,27
460,27
461,27
462,27
463,22
464,27
465,27
466,27
467,19
468,27
469,27
470,27
471,27
472,23
473,27
474,27
475,27
476,27
477,13
478,27
479,11
480,27
481,27
482,60
483,20
484,27
485,27
486,27
487,12
488,27
489,27
490,23
491,27
492,27
493,20
494,27
495,18
496,27
497,27
498,27
499,27
500,27
501,27
502,27
503,27
504,27
505,27
506,27
507,27
508,27
509,27
510,27
511,27
512,27
513,37
514,27
515,27
516,27
517,27
518,27
519,27
520,27
521,21
522,27
523,27
524,27
525,27
526,27
527,27
528,27
529,27
530,27
531,27
532,27
533,27
534,27
535,27
536,27
537,27
538,27
539,27
540,27
541,27
542,27
543,27
544,27
545,27
546,27
547,27
548,27
549,18
550,27
551,27
552,27
553,27
554,13
555,27
556,27
557,27
558,27
559,27
560,27
561,27
562,27
563,27
564,27
565,33
566,27
567,27
567,27
568,27
570,27
571,27
572,27
573,27
574,27
575,27
576,27
577,27
578,27
579,11
580,27
581,27
582,27
583,27
584,27
585,27
586,27
587,27
588,27
589,27
590,27
591,27
592,27
593,27
594,27
595,27
596,27
597,27
598,27
599,27
600,27
601,27
602,27
603,27
604,27
605,18
606,27
607,27
608,27
609,27
610,27
611,27
612,27
613,27
614,27
615,27
616,27
617,21
618,27
619,27
620,27
621,27
622,27
623,27
624,27
625,27
626,15
627,27
628,27
629,27
630,27
631,27
632,27
633,27
634,27
635,27
636,27
637,27
638,27
639,27
640,27
641,27
642,27
643,27
644,27
645,27
646,27
647,27
648,27
649,27
650,27
651,27
652,27
653,19
654,27
655,27
656,27
657,14
658,13
659,27
660,27
661,28
662,27
663,27
664,27
665,27
666,27
667,27
668,26
669,27
670,27
671,27
672,27
673,27
674,14
675,15
676,27
677,11
678,27
679,35
680,27
681,27
682,27
683,27
684,26
685,27
686,27
687,27
688,27
689,27
690,27
691,27
692,27
693,27
694,27
695,27
696,27
697,27
698,27
699,27
700,27
701,27
702,27
703,15
704,27
705,27
706,27
707,27
708,27
709,22
710,24
711,27
712,27
713,27
714,27
715,27
716,27
717,27
718,27
719,27
720,27
721,13
722,27
723,27
724,27
725,27
726,27
727,13
728,19
729,9
730,15
731,27
732,27
733,27
734,27
735,27
736,27
737,27
738,27
739,27
740,27
741,27
742,27
743,27
744,27
745,27
746,27
747,27
748,27
749,30
750,27
751,27
752,27
753,27
754,27
755,20
756,29
757,27
758,27
759,10
760,16
761,27
762,27
763,27
764,27
765,27
766,27
767,27
768,27
769,27
770,27
771,27
772,27
773,17
774,30
775,27
776,27
777,27
778,27
779,27
780,27
781,27
782,28
783,27
784,27
785,27
786,27
787,27
788,16
789,27
790,30
791,27
792,27
793,27
794,27
795,27
796,27
797,27
798,27
799,27
800,39
801,23
802,27
803,40
804,26
805,27
806,27
807,27
808,8
809,16
810,21
811,27
812,27
813,27
814,27
815,27
816,27
817,30
818,31
819,27
820,18
821,27
822,17
823,27
824,27
825,27
826,27
827,27
828,27
829,27
830,27
831,27
832,27
833,27
834,27
835,27
836,27
837,27
838,27
839,20
840,18
841,55
842,27
843,27
844,27
845,27
846,27
847,27
848,27
849,27
850,27
851,27
852,27
853,27
854,27
855,27
856,27
857,27
858,27
859,27
860,27
861,27
862,27
863,27
864,27
865,27
866,27
867,27
868,27
869,27
870,27
871,27
872,27
873,16
874,27
875,27
876,36
877,27
878,27
879,19
880,27
881,27
882,27
883,27
884,16
885,27
886,27
887,27
888,27
889,27
890,27
891,27
892,27
893,27
894,27
895,27
896,27
897,27
898,27
899,27
900,27
901,27
902,27
903,27
904,27
905,27
906,50
907,27
908,22
909,27
910,27
911,27
912,27
913,64
914,27
915,27
916,27
917,27
918,27
919,23
920,27
921,27
922,27
923,27
924,27
925,7
926,21
927,27
928,18
929,27
930,27
931,27
932,27
933,27
934,12
935,19
936,27
937,27
938,27
939,27
940,27
941,27
942,27
943,27
944,27
945,27
946,27
947,27
948,27
949,27
950,12
951,27
952,27
953,27
954,27
955,27
956,27
957,27
958,27
959,27
960,27
961,27
962,27
963,43
964,27
965,27
966,27
967,27
968,17
969,27
970,27
971,27
972,27
973,17
974,27
975,27
976,27
977,27
978,27
979,27
980,27
981,27
982,10
983,27
984,27
985,17
986,27
987,26
988,27
989,10
990,24
991,27
992,27
993,27
994,27
995,10
996,24
997,12
998,27
999,27
1000,27
1001,27
1002,27
1003,27
1004,27
1005,27
1006,27
1007,41
1008,25
1009,27
1010,27
1011,27
1012,27
1013,27
1014,27
1015,27
1016,27
1017,27
1018,27
1019,27
1020,27
1021,27
1022,22
1023,27
1024,27
1025,27
1026,27
1027,38
1028,13
1029,27
1030,27
1031,27
1032,27
1033,27
1034,27
1035,27
1036,27
1037,47
1038,29
1039,12
1040,27
1041,27
1042,12
1043,27
1044,18
1045,27
1046,20
1047,27
1048,13
1049,27
1050,30
1051,27
1052,27
1053,27
1054,27
1055,27
1056,27
1057,21
1058,27
1059,27
1060,22
1061,27
1062,27
1063,40
1064,8
1065,20
1066,26
1067,27
1068,54
1069,27
1070,18
1071,27
1072,21
1073,14
1074,27
1075,27
1076,18
1077,19
1078,18
1079,27
1080,27
1081,27
1082,27
1083,27
1084,16
1085,19
1086,27
1087,27
1088,27
1089,27
1090,27
1091,27
1092,13
1093,27
1094,25
1095,27
1096,27
1097,27
1098,27
1099,27
1100,27
1101,27
1102,27
1103,27
1104,27
1105,27
1106,27
1107,27
1108,27
1109,16
1110,27
1111,22
1112,27
1113,30
1114,27
1115,27
1116,27
1117,21
1118,20
1119,27
1120,27
1121,27
1122,27
1123,27
1124,27
1125,35
1126,35
1127,27
1128,27
1129,27
1130,27
1131,27
1132,16
1133,16
1134,27
1135,27
1136,27
1137,27
1138,27
1139,27
1140,27
1141,55
1142,27
1143,27
1144,27
1145,27
1146,27
1147,27
1148,27
1149,27
1150,26
1151,27
1152,27
1153,15
1154,27
1155,20
1156,18
1157,27
1158,27
1159,17
1160,27
1161,27
1162,27
1163,27
1164,10
1165,15
1166,27
1167,27
1168,70
1169,27
1170,27
1171,17
1172,27
1173,27
1174,27
1175,27
1176,27
1177,27
1178,27
1179,27
1180,27
1181,17
1182,25
1183,18
1184,27
1185,27
1186,27
1187,78
1188,27
1189,27
1190,27
1191,27
1192,28
1193,15
1194,27
1195,19
1196,27
1197,27
1198,27
1199,27
1200,27
1201,27
1202,27
1203,17
1204,27
1205,24
1206,27
1207,27
1208,27
1209,27
1210,27
1211,27
1212,27
1213,27
1214,27
1215,14
1216,27
1217,27
1218,39
1219,27
1220,20
1221,12
1222,9
1223,27
1224,26
1225,27
1226,27
1227,19
1228,27
1229,27
1230,27
1231,27
1232,27
1233,27
1234,27
1235,42
1236,27
1237,27
1238,27
1239,27
1240,50
1241,20
1242,27
1243,17
1244,27
1245,16
1246,27
1247,17
1248,27
1249,23
1250,27
1251,27
1252,18
1253,19
1254,27
1255,17
1256,27
1257,27
1258,27
1259,27
1260,21
1261,29
1262,27
1263,38
1264,17
1265,27
1266,27
1267,27
1268,27
1269,27
1270,27
1271,49
1272,27
1273,27
1274,18
1275,27
1276,27
1277,39
1278,27
1279,27
1280,19
1281,27
1282,27
1283,27
1284,27
1285,27
1286,27
1287,27
1288,27
1289,27
1290,27
1291,27
1292,23
1293,27
1294,27
1295,18
1296,27
1297,20
1298,27
1299,27
1300,45
1301,23
1302,36
1303,27
1304,27
1305,27
1306,27
1307,27
1308,27
1309,27
1310,27
1311,27
1312,27
1313,27
1314,32
1315,27
1316,17
1317,18
1318,27
1319,27
1320,27
1321,27
1322,27
1323,27
1324,24
1325,27
1326,27
1327,27
1328,38
1329,27
1330,27
1331,27
1332,27
1333,24
1334,27
1335,27
1336,27
1337,27
1338,27
1339,27
1340,15
1341,27
1342,50
1343,27
1344,27
1345,27
1346,27
1347,27
1348,17
1349,27
1350,22
1351,15
1352,27
1353,27
1354,27
1355,27
1356,17
1357,15
1358,12
1359,27
1360,34
1361,8
1362,27
1363,27
1364,11
1365,18
1366,27
1367,27
1368,27
1369,27
1370,27
1371,27
1372,38
1373,12
1374,14
1375,19
1376,13
1377,5
1378,27
1379,27
1380,27
1381,20
1382,22
1383,27
1384,27
1385,38
1386,27
1387,27
1388,27
1389,27
1390,27
1391,40
1392,27
1393,27
1394,27
1395,27
1396,27
1397,31
1398,22
1399,14
1400,53
1401,23
1402,27
1403,27
1404,38
1405,27
1406,38
1407,20
1408,27
1409,27
1410,27
1411,17
1412,13
1413,14
1414,27
1415,27
1416,27
1417,27
1418,27
1419,27
1420,27
1421,16
1422,27
1423,16
1424,27
1425,27
1426,27
1427,16
1428,13
1429,27
1430,27
1431,27
1432,27
1433,27
1434,27
1435,27
1436,50
1437,15
1438,27
1439,27
1440,27
1441,27
1442,18
1443,27
1444,20
1445,27
1446,27
1447,32
1448,43
1449,16
1450,33
1451,27
1452,14
1453,27
1454,27
1455,27
1456,27
1457,21
1458,27
1459,38
1460,27
1461,27
1462,27
1463,27
1464,27
1465,16
1466,18
1467,25
1468,27
1469,17
1470,27
1471,27
1472,17
1473,27
1474,50
1475,27
1476,27
1477,24
1478,13
1479,27
1480,27
1481,27
1482,27
1483,9
1484,27
1485,27
1486,27
1487,25
1488,27
1489,27
1490,27
1491,27
1492,27
1493,18
1494,19
1495,27
1496,27
1497,27
1498,27
1499,27
1500,27
1501,27
1502,27
1503,27
1504,9
1505,27
1506,27
1507,38
1508,3
1509,33
1510,27
1511,27
1512,27
1513,27
1514,27
1515,27
1516,27
1517,27
1518,20
1519,40
1520,27
1521,27
1522,27
1523,27
1524,27
1525,27
1526,27
1527,18
1528,22
1529,13
1530,17
1531,55
1532,27
1533,17
1534,27
1535,25
1536,27
1537,27
1538,27
1539,18
1540,27
1541,27
1542,17
1543,23
1544,14
1545,27
1546,6
1547,27
1548,27
1549,27
1550,27
1551,27
1552,19
1553,27
1554,34
1555,53
1556,27
1557,27
1558,43
1559,27
1560,27
1561,20
1562,27
1563,27
1564,27
1565,27
1566,27
1567,27
1568,23
1569,10
1570,27
1571,27
1572,27
1573,27
1574,27
1575,27
1576,48
1577,27
1578,27
1579,27
1580,27
1581,27
1582,27
1583,28
1584,27
1585,18
1586,27
1587,27
1588,27
1589,27
1590,27
1591,27
1592,27
1593,20
1594,32
1595,27
1596,27
1597,24
1598,27
1599,27
1600,25
1601,27
1602,27
1603,18
1604,27
1605,27
1606,27
1607,27
1608,19
1609,38
1610,27
1611,15
1612,27
1613,27
1614,27
1615,22
1616,27
1617,27
1618,27
1619,27
1620,27
1621,27
1622,31
1623,27
1624,27
1625,27
1626,27
1627,26
1628,27
1629,18
1630,68
1631,27
1632,27
1633,27
1634,20
1635,27
1636,27
1637,27
1638,27
1639,17
1640,27
1641,27
1642,27
1643,26
1644,14
1645,27
1646,22
1647,12
1648,27
1649,16
1650,23
1651,18
1652,27
1653,27
1654,27
1655,15
1656,27
1657,17
1658,19
1659,27
1660,13
1661,27
1662,27
1663,27
1664,27
1665,27
1666,27
1667,27
1668,18
1669,27
1670,19
1671,15
1672,8
1673,27
1674,27
1675,27
1676,37
1677,27
1678,27
1679,27
1680,27
1681,27
1682,27
1683,13
1684,27
1685,20
1686,27
1687,27
1688,27
1689,27
1690,24
1691,14
1692,18
1693,12
1694,27
1695,15
1696,18
1697,18
1698,21
1699,28
1700,27
1701,17
1702,27
1703,14
1704,12
1705,12
1706,30
1707,15
1708,15
1709,27
1710,30
1711,27
1712,23
1713,18
1714,17
1715,27
1716,27
1717,27
1718,22
1719,18
1720,29
1721,17
1722,14
1723,21
1724,27
1725,27
1726,35
1727,27
1728,20
1729,27
1730,46
1731,20
1732,25
1733,27
1734,78
1735,13
1736,12
1737,16
1738,17
1739,27
1740,27
1741,27
1742,9
1743,27
1744,27
1745,27
1746,48
1747,27
1748,16
1749,27
1750,30
1751,27
1752,27
1753,27
1754,38
1755,27
1756,46
1757,41
1758,15
1759,13
1760,60
1761,27
1762,27
1763,27
1764,27
1765,17
1766,41
1767,27
1768,27
1769,14
1770,19
1771,28
1772,17
1773,27
1774,27
1775,18
1776,27
1777,27
1778,27
1779,27
1780,27
1781,27
1782,32
1783,20
1784,27
1785,27
1786,13
1787,27
1788,26
1789,22
1790,27
1791,16
1792,16
1793,18
1794,18
1795,21
1796,18
1797,17
1798,34
1799,21
1800,27
1801,36
1802,35
1803,27
1804,27
1805,27
1806,27
1807,27
1808,27
1809,27
1810,27
1811,27
1812,7
1813,27
1814,27
1815,27
1816,27
1817,27
1818,27
1819,14
1820,27
1821,27
1822,20
1823,27
1824,27
1825,50
1826,27
1827,27
1828,25
1829,16
1830,21
1831,27
1832,11
1833,30
1834,27
1835,19
1836,27
1837,27
1838,27
1839,25
1840,31
1841,18
1842,21
1843,17
1844,20
1845,27
1846,19
1847,27
1848,27
1849,19
1850,14
1851,20
1852,31
1853,19
1854,27
1855,23
1856,27
1857,16
1858,39
1859,27
1860,40
1861,13
1862,27
1863,27
1864,16
1865,18
1866,56
1867,27
1868,21
1869,27
1870,42
1871,27
1872,24
1873,81
1874,23
1875,21
1876,27
1877,18
1878,15
1879,27
1880,27
1881,27
1882,27
1883,27
1884,27
1885,27
1886,27
1887,27
1888,27
1889,27
1890,27
1891,27
1892,27
1893,34
1894,27
1895,34
1896,27
1897,27
1898,19
1899,18
1900,27
1901,40
1902,17
1903,27
1904,17
1905,27
1906,25
1907,27
1908,27
1909,27
1910,27
1911,27
1912,61
1913,27
1914,25
1915,27
1916,27
1917,27
1918,27
1919,23
1920,27
1921,27
1922,19
1923,27
1924,27
1925,19
1926,27
1927,27
1928,27
1929,26
1930,27
1931,15
1932,18
1933,19
1934,27
1935,15
1936,27
1937,27
1938,23
1939,27
1940,27
1941,16
1942,23
1943,27
1944,27
1945,27
1946,12
1947,27
1948,27
1949,27
1950,27
1951,26
1952,18
1953,30
1954,27
1955,23
1956,27
1957,27
1958,27
1959,27
1960,27
1961,30
1962,35
1963,27
1964,27
1965,22
1966,27
1967,27
1968,27
1969,28
1970,34
1971,27
1972,27
1973,27
1974,35
1975,20
1976,35
1977,13
1978,27
1979,62
1980,27
1981,27
1982,16
1983,27
1984,23
1985,27
1986,27
1987,12
1988,27
1989,16
1990,27
1991,27
1992,27
1993,13
1994,27
1995,27
1996,25
1997,25
1998,19
1999,27
2000,25
2001,27
2002,22
2003,27
2004,27
2005,27
2006,27
2007,28
2008,27
2009,27
2010,13
2011,22
2012,27
2013,15
2014,27
2015,28
2016,32
2017,25
2018,27
2019,27
2020,16
2021,27
2022,27
2023,27
2024,28
2025,27
2026,8
2027,27
2028,27
2029,27
2030,27
2031,27
2032,14
2033,27
2034,15
2035,27
2036,27
2037,25
2038,33
2039,18
2040,8
2041,15
2042,21
2043,26
2044,13
2045,27
2046,27
2047,30
2048,27
2049,27
2050,23
2051,27
2052,7
2053,38
2054,40
2055,38
2056,13
2057,27
2058,27
2059,27
2060,27
2061,27
2062,23
2063,10
2064,27
2065,13
2066,27
2067,34
2068,27
2069,27
2070,27
2071,27
2072,27
2073,19
2074,27
2075,29
2076,70
2077,27
2078,16
2079,19
2080,27
2081,27
2082,27
2083,27
2084,30
2085,27
2086,18
2087,27
2088,2
2089,27
2090,27
2091,12
2092,27
2093,27
2094,27
2095,27
2096,15
2097,17
2098,22
2099,17
2100,15
2101,25
2102,27
2103,27
2104,28
2105,27
2106,36
2107,57
2108,27
2109,27
2110,27
2111,28
2112,22
2113,27
2114,27
2115,16
2116,15
2117,23
2118,20
2119,14
2120,27
2121,27
2122,27
2123,27
2124,27
2125,27
2126,27
2127,27
2128,27
2129,27
2130,27
2131,50
2132,14
2133,17
2134,18
2135,21
2136,27
2137,29
2138,28
2139,29
2140,29
2141,27
2142,27
2143,27
2144,17
2145,59
2146,27
2147,36
2148,38
2149,20
2150,31
2151,27
2152,21
2153,35
2154,8
2155,12
2156,27
2157,27
2158,27
2159,20
2160,42
2161,32
2162,26
2163,27
2164,60
2165,15
2166,27
2167,27
2168,27
2169,21
2170,22
2171,15
2172,14
2173,27
2174,27
2175,27
2176,27
2177,27
2178,27
2179,27
2180,27
2181,27
2182,27
2183,33
2184,27
2185,18
2186,17
2187,22
2188,16
2189,57
2190,20
2191,14
2192,15
2193,27
2194,27
2195,27
2196,27
2197,20
2198,13
2199,27
2200,27
2201,27
2202,43
2203,22
2204,27
2205,19
2206,18
2207,37
2208,23
2209,27
2210,33
2211,27
2212,27
2213,27
2214,27
2215,13
2216,27
2217,27
2218,27
2219,21
2220,22
2221,25
2222,27
2223,34
2224,27
2225,15
2226,13
2227,27
2228,32
2229,27
2230,27
2231,26
2232,21
2233,10
2234,14
2235,27
2236,27
2237,27
2238,27
2239,27
2240,27
2241,27
2242,30
2243,29
2244,28
2245,36
2246,27
2247,30
2248,27
2249,27
2250,27
2251,27
2252,21
2253,27
2254,27
2255,27
2256,19
2257,17
2258,19
2259,3
2260,27
2261,27
2262,17
2263,27
2264,29
2265,13
2266,50
2267,27
2268,27
2269,5
2270,20
2271,16
2272,27
2273,27
2274,27
2275,27
2276,9
2277,27
2278,27
2279,27
2280,27
2281,13
2282,27
2283,27
2284,27
2285,27
2286,20
2287,27
2288,26
2289,27
2290,36
2291,22
2292,30
2293,44
2294,42
2295,27
2296,27
2297,27
2298,27
2299,27
2300,27
2301,27
2302,17
2303,21
2304,27
2305,27
2306,48
2307,16
2308,27
2309,27
2310,16
2311,25
2312,27
2313,24
2314,58
2315,37
2316,39
2317,18
2318,27
2319,27
2320,27
2321,41
2322,17
2323,25
2324,27
2325,46
2326,25
2327,15
2328,27
2329,24
2330,14
2331,27
2332,38
2333,27
2334,27
2335,25
2336,27
2337,27
2338,27
2339,27
2340,27
2341,37
2342,27
2343,27
2344,27
2345,26
2346,24
2347,27
2348,36
2349,27
2350,27
2351,27
2352,24
2353,17
2354,51
2355,41
2356,27
2357,33
2358,25
2359,27
2360,27
2361,27
2362,20
2363,27
2364,27
2365,27
2366,27
2367,27
2368,25
2369,27
2370,27
2371,27
2372,13
2373,27
2374,15
2375,27
2376,27
2377,27
2378,14
2379,27
2380,27
2381,27
2382,30
2383,27
2384,44
2385,33
2386,21
2387,27
2388,24
2389,24
2390,27
2391,24
2392,27
2393,38
2394,40
2395,21
2396,22
2397,27
2398,37
2399,27
2400,10
2401,27
2402,52
2403,27
2404,20
2405,19
2406,27
2407,27
2408,25
2409,23
2410,10
2411,21
2412,27
2413,16
2414,57
2415,27
2416,38
2417,22
2418,19
2419,16
2420,27
2421,33
2422,27
2423,22
2424,42
2425,19
2426,16
2427,45
2428,27
2429,45
2430,27
2431,27
2432,17
2433,22
2434,20
2435,27
2436,23
2437,18
2438,24
2439,18
2440,27
2441,27
2442,27
2443,57
2444,27
2445,27
2446,27
2447,27
2448,25
2449,27
2450,54
2451,24
2452,27
2453,19
2454,27
2455,29
2456,44
2457,27
2458,40
2459,19
2460,16
2461,18
2462,27
2463,27
2464,35
2465,13
2466,22
2467,27
2468,15
2469,27
2470,10
2471,27
2472,27
2473,27
2474,13
2475,16
2476,27
2477,27
2478,27
2479,17
2480,31
2481,55
2482,27
2483,13
2484,27
2485,35
2486,32
2487,31
2488,11
2489,27
2490,27
2491,27
2492,13
2493,41
2494,19
2495,20
2496,21
2497,23
2498,27
2499,27
2500,24
2501,40
2502,27
2503,27
2504,39
2505,49
2506,27
2507,27
2508,28
2509,29
2510,20
2511,24
2512,1
2513,43
2514,27
2515,26
2516,32
2517,30
2518,27
2519,27
2520,24
2521,27
2522,26
2523,27
2524,16
2525,27
2526,27
2527,27
2528,27
2529,27
2530,24
2531,27
2532,27
2533,14
2534,27
2535,25
2536,32
2537,41
2538,27
2539,24
2540,28
2541,18
2542,27
2543,27
2544,27
2545,15
2546,25
2547,15
2548,25
2549,27
2550,27
2551,27
2552,30
2553,42
2554,27
2555,27
2556,24
2557,14
2558,26
2559,23
2560,16
2561,18
2562,30
2563,25
2564,27
2565,20
2566,28
2567,35
2568,27
2569,27
2570,27
2571,28
2572,25
2573,21
2574,18
2575,20
2576,22
2577,23
2578,15
2579,27
2580,27
2581,13
2582,27
2583,18
2584,27
2585,24
2586,20
2587,27
2588,27
2589,27
2590,20
2591,27
2592,21
2593,27
2594,27
2595,17
2596,39
2597,27
2598,27
2599,12
2600,27
2601,23
2602,19
2603,27
2604,25
2605,26
2606,27
2607,17
2608,15
2609,27
2610,27
2611,38
2612,32
2613,19
2614,27
2615,13
2616,35
2617,47
2618,40
2619,23
2620,27
2621,27
2622,29
2623,27
2624,27
2625,27
2626,27
2627,52
2628,27
2629,30
2630,22
2631,21
2632,12
2633,28
2634,27
2635,18
2636,19
2637,14
2638,20
2639,32
2640,24
2641,19
2642,27
2643,27
2644,27
2645,25
2646,29
2647,25
2648,10
2649,28
2650,27
2651,27
2652,19
2653,27
2654,27
2655,25
2656,27
2657,27
2658,27
2659,13
2660,30
2661,27
2662,20
2663,22
2664,21
2665,18
2666,25
2667,16
2668,27
2669,17
2670,8
2671,28
2672,19
2673,49
2674,35
2675,27
2676,27
2677,27
2678,27
2679,27
2680,27
2681,38
2682,27
2683,6
2684,27
2685,25
2686,27
2687,15
2688,27
2689,23
2690,27
2691,27
2692,27
2693,15
2694,27
2695,32
2696,39
2697,24
2698,27
2699,44
2700,43
2701,27
2702,27
2703,40
2704,15
2705,35
2706,15
2707,15
2708,43
2709,16
2710,27
2711,30
2712,29
2713,27
2714,33
2715,13
2716,27
2717,27
2718,27
2719,25
2720,27
2721,24
2722,38
2723,27
2724,40
2725,27
2726,18
2727,18
2728,15
2729,27
2730,46
2731,25
2732,20
2733,14
2734,34
2735,16
2736,8
2737,26
2738,21
2739,27
2740,33
2741,9
2742,13
2743,18
2744,27
2745,27
2746,27
2747,14
2748,43
2749,27
2750,27
2751,20
2752,32
2753,8
2754,13
2755,9
2756,28
2757,29
2758,39
2759,19
2760,29
2761,30
2762,15
2763,31
2764,27
2765,27
2766,27
2767,14
2768,21
2769,27
2770,36
2771,32
2772,21
2773,60
2774,22
2775,30
2776,27
2777,26
2778,18
2779,36
2780,20
2781,27
2782,41
2783,15
2784,27
2785,27
2786,19
2787,23
2788,27
2789,19
2790,24
2791,23
2792,27
2793,27
2794,27
2795,21
2796,27
2797,17
2798,19
2799,27
2800,27
2801,27
2802,21
2803,18
2804,15
2805,27
2806,59
2807,27
2808,32
2809,22
2810,27
2811,27
2812,27
2813,13
2814,24
2815,27
2816,26
2817,27
2818,14
2819,17
2820,28
2821,20
2822,35
2823,47
2824,7
2825,21
2826,10
2827,63
2828,17
2829,27
2830,27
2831,17
2832,17
2833,43
2834,27
2835,33
2836,33
2837,25
2838,18
2839,41
2840,12
2841,15
2842,9
2843,24
2844,27
2845,27
2846,27
2847,27
2848,16
2849,27
2850,22
2851,30
2852,28
2853,27
2854,17
2855,27
2856,27
2857,27
2858,27
2859,21
2860,52
2861,49
2862,16
2863,65
2864,27
2865,27
2866,27
2867,18
2868,23
2869,27
2870,8
2871,27
2872,22
2873,27
2874,13
2875,27
2876,25
2877,13
2878,15
2879,28
2880,27
2881,53
2882,27
2883,27
2884,27
2885,15
2886,35
2887,35
2888,25
2889,28
2890,27
2891,27
2892,27
2893,27
2894,15
2895,27
2896,22
2897,27
2898,10
2899,12
2900,16
2901,14
2902,8
2903,19
2904,27
2905,27
2906,27
2907,14
2908,27
2909,18
2910,16
2911,25
2912,13
2913,27
2914,27
2915,27
2916,27
2917,20
2918,18
2919,20
2920,43
2921,27
2922,27
2923,27
2924,41
2925,27
2926,18
2927,18
2928,27
2929,27
2930,15
2931,27
2932,16
2933,27
2934,66
2935,14
2936,19
2937,27
2938,16
2939,32
2940,21
2941,27
2942,8
2943,26
2944,51
2945,34
2946,17
2947,30
2948,25
2949,18
2950,20
2951,20
2952,20
2953,16
2954,22
2955,27
2956,27
2957,24
2958,30
2959,20
2960,27
2961,18
2962,27
2963,33
2964,19
2965,27
2966,25
2967,27
2968,32
2969,22
2970,27
2971,27
2972,27
2973,45
2974,27
2975,15
2976,20
2977,27
2978,17
2979,17
2980,27
2981,19
2982,24
2983,27
2984,24
2985,27
2986,27
2987,17
2988,25
2989,29
2990,13
2991,27
2992,27
2993,27
2994,27
2995,57
2996,26
2997,28
2998,27
2999,45
3000,27
3001,17
3002,16
3003,21
3004,27
3005,37
3006,20
3007,11
3008,27
3009,27
3010,13
3011,27
3012,20
3013,27
3014,19
3015,20
3016,41
3017,27
3018,27
3019,32
3020,27
3021,33
3022,26
3023,42
3024,27
3025,27
3026,19
3027,14
3028,27
3029,21
3030,17
3031,11
3032,19
3033,22
3034,27
3035,45
3036,61
3037,10
3038,17
3039,36
3040,27
3041,21
3042,18
3043,19
3044,27
3045,22
3046,24
3047,30
3048,48
3049,41
3050,20
3051,29
3052,17
3053,24
3054,32
3055,27
3056,25
3057,17
3058,12
3059,27
3060,45
3061,12
3062,27
3063,16
3064,27
3065,27
3066,18
3067,14
3068,27
3069,27
3070,27
3071,27
3072,37
3073,10
3074,17
3075,27
3076,20
3077,27
3078,15
3079,18
3080,16
3081,29
3082,14
3083,34
3084,23
3085,21
3086,24
3087,37
3088,62
3089,24
3090,44
3091,20
3092,19
3093,21
3094,27
3095,20
3096,27
3097,18
3098,27
3099,33
3100,20
3101,35
3102,27
3103,27
3104,27
3105,27
3106,25
3107,27
3108,27
3109,27
3110,27
3111,27
3112,27
3113,27
3114,21
3115,27
3116,27
3117,27
3118,46
3119,27
3120,17
3121,23
3122,18
3123,10
3124,24
3125,19
3126,23
3127,15
3128,27
3129,16
3130,27
3131,27
3132,27
3133,20
3134,25
3135,27
3136,27
3137,17
3138,19
3139,27
3140,19
3141,29
3142,27
3143,27
3144,27
3145,27
3146,24
3147,45
3148,74
3149,32
3150,31
3151,27
3152,27
3153,27
3154,27
3155,25
3156,27
3157,21
3158,17
3159,20
3160,27
3161,25
3162,17
3163,25
3164,27
3165,27
3166,18
3167,27
3168,49
3169,27
3170,27
3171,27
3172,17
3173,27
3174,27
3175,27
3176,27
3177,23
3178,25
3179,27
3180,17
3181,20
3182,27
3183,39
3184,27
3185,27
3186,34
3187,27
3188,27
3189,27
3190,17
3191,27
3192,23
3193,27
3194,27
3195,19
3196,27
3197,27
3198,27
3199,27
3200,8
3201,24
3202,27
3203,27
3204,27
3205,25
3206,36
3207,56
3208,27
3209,49
3210,16
3211,21
3212,18
3213,27
3214,27
3215,20
3216,32
3217,19
3218,18
3219,20
3220,20
3221,27
3222,34
3223,27
3224,25
3225,27
3226,29
3227,29
3228,24
3229,61
3230,27
3231,27
3232,52
3233,13
3234,27
3235,27
3236,22
3237,44
3238,27
3239,27
3240,22
3241,15
3242,27
3243,27
3244,10
3245,22
3246,19
3247,29
3248,16
3249,27
3250,27
3251,22
3252,27
3253,25
3254,27
3255,27
3256,23
3257,25
3258,27
3259,15
3260,27
3261,27
3262,30
3263,27
3264,27
3265,24
3266,19
3267,24
3268,27
3269,27
3270,19
3271,27
3272,32
3273,27
3274,27
3275,27
3276,27
3277,27
3278,27
3279,27
3280,32
3281,16
3282,53
3283,19
3284,27
3285,27
3286,19
3287,15
3288,24
3289,25
3290,26
3291,27
3292,28
3293,24
3294,17
3295,27
3296,19
3297,59
3298,27
3299,27
3300,27
3301,27
3302,24
3303,27
3304,27
3305,27
3306,20
3307,29
3308,27
3309,75
3310,27
3311,27
3312,27
3313,18
3314,32
3315,27
3316,20
3317,16
3318,27
3319,27
3320,8
3321,19
3322,20
3323,27
3324,27
3325,19
3326,43
3327,17
3328,26
3329,38
3330,20
3331,27
3332,18
3333,17
3334,27
3335,27
3336,28
3337,36
3338,20
3339,16
3340,16
3341,26
3342,27
3343,27
3344,27
3345,27
3346,32
3347,22
3348,27
3349,43
3350,16
3351,27
3352,27
3353,27
3354,17
3355,27
3356,16
3357,27
3358,27
3359,22
3360,15
3361,21
3362,27
3363,27
3364,30
3365,21
3366,15
3367,42
3368,17
3369,13
3370,39
3371,27
3372,28
3373,24
3374,21
3375,27
3376,22
3377,14
3378,14
3379,29
3380,27
3381,15
3382,20
3383,16
3384,27
3385,15
3386,27
3387,27
3388,47
3389,16
3390,48
3391,17
3392,36
3393,27
3394,27
3395,14
3396,14
3397,27
3398,27
3399,33
3400,27
3401,27
3402,27
3403,27
3404,27
3405,28
3406,20
3407,13
3408,27
3409,27
3410,30
3411,21
3412,18
3413,13
3414,27
3415,31
3416,27
3417,28
3418,27
3419,27
3420,16
3421,27
3422,17
3423,27
3424,25
3425,15
3426,77
3427,23
3428,22
3429,29
3430,13
3431,16
3432,27
3433,27
3434,27
3435,20
3436,27
3437,34
3438,27
3439,18
3440,27
3441,15
3442,16
3443,29
3444,33
3445,25
3446,39
3447,27
3448,13
3449,10
3450,27
3451,15
3452,13
3453,67
3454,11
3455,87
3456,17
3457,27
3458,21
3459,27
3460,27
3461,24
3462,33
3463,46
3464,22
3465,24
3466,27
3467,27
3468,27
3469,27
3470,16
3471,22
3472,29
3473,29
3474,46
3475,27
3476,21
3477,23
3478,26
3479,27
3480,27
3481,27
3482,27
3483,27
3484,26
3485,8
3486,27
3487,27
3488,27
3489,35
3490,16
3491,18
3492,27
3493,27
3494,28
3495,27
3496,32
3497,6
3498,27
3499,23
3500,26
3501,17
3502,27
3503,22
3504,27
3505,37
3506,40
3507,21
3508,27
3509,27
3510,27
3511,37
3512,30
3513,27
3514,27
3515,27
3516,18
3517,8
3518,27
3519,16
3520,27
3521,34
3522,27
3523,12
3524,27
3525,27
3526,35
3527,27
3528,16
3529,32
3530,27
3531,40
3532,12
3533,24
3534,47
3535,27
3536,21
3537,14
3538,20
3539,27
3540,15
3541,16
3542,16
3543,27
3544,12
3545,27
3546,33
3547,27
3548,27
3549,22
3550,22
3551,27
3552,15
3553,20
3554,27
3555,27
3556,17
3557,27
3558,30
3559,27
3560,27
3561,14
3562,27
3563,24
3564,27
3565,27
3566,29
3567,31
3568,38
3569,25
3570,12
3571,37
3572,42
3573,36
3574,27
3575,27
3576,37
3577,15
3578,35
3579,28
3580,27
3581,27
3582,27
3583,16
3584,27
3585,38
3586,27
3587,21
3588,23
3589,15
3590,23
3591,30
3592,15
3593,38
3594,21
3595,27
3596,62
3597,17
3598,27
3599,27
3600,27
3601,17
3602,27
3603,19
3604,10
3605,24
3606,24
3607,47
3608,26
3609,27
3610,27
3611,27
3612,27
3613,27
3614,27
3615,27
3616,19
3617,27
3618,28
3619,16
3620,27
3621,45
3622,27
3623,9
3624,16
3625,27
3626,34
3627,35
3628,41
3629,31
3630,17
3631,21
3632,21
3633,30
3634,46
3635,31
3636,38
3637,27
3638,51
3639,29
3640,27
3641,49
3642,12
3643,27
3644,17
3645,31
3646,10
3647,27
3648,29
3649,32
3650,27
3651,17
3652,27
3653,17
3654,27
3655,33
3656,27
3657,27
3658,30
3659,27
3660,29
3661,27
3662,37
3663,31
3664,23
3665,22
3666,30
3667,30
3668,27
3669,38
3670,21
3671,17
3672,53
3673,18
3674,27
3675,22
3676,30
3677,44
3678,49
3679,26
3680,19
3681,43
3682,25
3683,27
3684,26
3685,18
3686,50
3687,24
3688,27
3689,26
3690,27
3691,22
3692,27
3693,35
3694,20
3695,38
3696,18
3697,27
3698,22
3699,27
3700,27
3701,27
3702,23
3703,65
3704,31
3705,18
3706,27
3707,22
3708,13
3709,32
3710,30
3711,22
3712,42
3713,39
3714,40
3715,27
3716,10
3717,23
3718,36
3719,19
3720,32
3721,32
3722,21
3723,14
3724,27
3725,27
3726,27
3727,41
3728,25
3729,33
3730,27
3731,27
3732,27
3733,36
3734,19
3735,19
3736,27
3737,19
3738,27
3739,27
3740,21
3741,27
3742,41
3743,17
3744,36
3745,35
3746,27
3747,27
3748,27
3749,45
3750,27
3751,27
3752,21
3753,16
3754,27
3755,27
3756,27
3757,42
3758,27
3759,27
3760,26
3761,22
3762,27
3763,17
3764,34
3765,27
3766,27
3767,18
3768,20
3769,27
3770,28
3771,27
3772,27
3773,28
3774,40
3775,18
3776,17
3777,40
3778,30
3779,46
3780,24
3781,19
3782,31
3783,30
3784,10
3785,27
3786,30
3787,27
3788,27
3789,29
3790,32
3791,21
3792,15
3793,69
3794,27
3795,27
3796,27
3797,55
3798,35
3799,27
3800,25
3801,27
3802,32
3803,27
3804,27
3805,60
3806,42
3807,34
3808,31
3809,22
3810,42
3811,61
3812,16
3813,27
3814,12
3815,28
3816,27
3817,27
3818,39
3819,27
3820,19
3821,27
3822,27
3823,13
3824,51
3825,69
3826,16
3827,19
3828,17
3829,15
3830,36
3831,21
3832,27
3833,34
3834,26
3835,26
3836,27
3837,27
3838,27
3839,30
3840,27
3841,27
3842,27
3843,33
3844,23
3845,27
3846,44
3847,27
3848,27
3849,27
3850,15
3851,27
3852,23
3853,27
3854,25
3855,33
3856,27
3857,19
3858,27
3859,71
3860,20
3861,27
3862,25
3863,22
3864,26
3865,36
3866,35
3867,27
3868,24
3869,30
3870,15
3871,27
3872,31
3873,22
3874,24
3875,27
3876,15
3877,27
3878,12
3879,7
3880,43
3881,30
3882,16
3883,9
3884,27
3885,27
3886,27
3887,34
3888,27
3889,27
3890,42
3891,44
3892,27
3893,27
3894,27
3895,27
3896,26
3897,27
3898,27
3899,27
3900,33
3901,17
3902,14
3903,27
3904,22
3905,27
3906,35
3907,27
3908,47
3909,27
3910,20
3911,12
3912,44
3913,27
3914,69
3915,15
3916,44
3917,29
3918,45
3919,38
3920,10
3921,45
3922,27
3923,13
3924,27
3925,31
3926,27
3927,32
3928,34
3929,14
3930,18
3931,47
3932,7
3933,12
3934,18
3935,18
3936,27
3937,27
3938,27
3939,27
3940,12
3941,14
3942,20
3943,15
3944,20
3945,18
3946,27
3947,19
3948,23
3949,16
3950,18
3951,16
3952,27
3953,44
3954,19
3955,9
3956,32
3957,29
3958,25
3959,27
3960,19
3961,19
3962,25
3963,17
3964,14
3965,39
3966,15
3967,17
3968,13
3969,27
3970,27
3971,27
3972,22
3973,27
3974,27
3975,27
3976,25
3977,27
3978,27
3979,53
3980,13
3981,33
3982,7
3983,27
3984,14
3985,27
3986,27
3987,32
3988,24
3989,7
3990,47
3991,27
3992,16
3993,11
3994,27
3995,27
3996,33
3997,22
3998,45
3999,17
4000,27
4001,27
4002,24
4003,24
4004,63
4005,18
4006,27
4007,9
4008,46
4009,27
4010,52
4011,8
4012,21
4013,36
4014,19
4015,29
4016,28
4017,28
4018,5
4019,19
4020,23
4021,14
4022,27
4023,31
4024,21
4025,22
4026,27
4027,27
4028,27
4029,26
4030,45
4031,27
4032,27
4033,27
4034,18
4035,27
4036,27
4037,41
4038,27
4039,49
4040,27
4041,27
4042,27
4043,21
4044,22
4045,27
4046,54
4047,12
4048,34
4049,35
4050,33
4051,27
4052,18
4053,47
4054,27
4055,27
4056,55
4057,50
4058,27
4059,25
4060,19
4061,19
4062,17
4063,27
4064,10
4065,27
4066,17
4067,16
4068,17
4069,12
4070,33
4071,28
4072,29
4073,22
4074,18
4075,20
4076,17
4077,12
4078,20
4079,14
4080,27
4081,12
4082,23
4083,19
4084,51
4085,21
4086,32
4087,42
4088,8
4089,29
4090,27
4091,39
4092,27
4093,27
4094,28
4095,23
4096,27
4097,21
4098,27
4099,27
4100,31
4101,27
4102,32
4103,33
4104,40
4105,27
4106,27
4107,16
4108,50
4109,35
4110,22
4111,24
4112,14
4113,40
4114,16
4115,15
4116,17
4117,27
4118,18
4119,20
4120,26
4121,10
4122,16
4123,47
4124,13
4125,27
4126,24
4127,19
4128,27
4129,11
4130,28
4131,27
4132,16
4133,27
4134,26
4135,25
4136,28
4137,27
4138,18
4139,6
4140,28
4141,27
4142,17
4143,27
4144,30
4145,17
4146,22
4147,52
4148,32
4149,13
4150,14
4151,9
4152,21
4153,14
4154,18
4155,21
4156,19
4157,27
4158,30
4159,27
4160,37
4161,27
4162,27
4163,47
4164,25
4165,35
4166,27
4167,29
4168,18
4169,28
4170,27
4171,29
4172,27
4173,27
4174,14
4175,52
4176,41
4177,21
4178,22
4179,5
4180,41
4181,21
4182,20
4183,29
4184,30
4185,27
4186,14
4187,43
4188,43
4189,42
4190,35
4191,62
4192,10
4193,17
4194,23
4195,27
4196,28
4197,39
4198,7
4199,13
4200,10
4201,61
4202,37
4203,27
4204,22
4205,16
4206,27
4207,13
4208,45
4209,12
4210,12
4211,39
4212,35
4213,27
4214,51
4215,19
4216,35
4217,39
4218,27
4219,18
4220,12
4221,13
4222,15
4223,27
4224,35
4225,27
4226,26
4227,12
4228,27
4229,27
4230,27
4231,39
4232,27
4233,27
4234,27
4235,27
4236,27
4237,35
4238,37
4239,14
4240,26
4241,27
4242,27
4243,34
4244,27
4245,9
4246,27
4247,27
4248,27
4249,13
4250,44
4251,55
4252,17
4253,27
4254,52
4255,27
4256,27
4257,27
4258,19
4259,13
4260,55
4261,20
4262,12
4263,5
4264,41
4265,13
4266,69
4267,27
4268,18
4269,15
4270,14
4271,16
4272,45
4273,5
4274,27
4275,23
4276,27
4277,44
4278,27
4279,53
4280,27
4281,27
4282,69
4283,47
4284,27
4285,27
4286,40
4287,28
4288,48
4289,8
4290,25
4291,26
4292,49
4293,27
4294,31
4295,12
4296,25
4297,17
4298,27
4299,24
4300,11
4301,23
4302,17
4303,69
4304,56
4305,23
4306,31
4307,27
4308,49
4309,52
4310,27
4311,73
4312,47
4313,28
4314,27
4315,38
4316,30
4317,27
4318,47
4319,23
4320,27
4321,27
4322,27
4323,55
4324,35
4325,40
4326,27
4327,27
4328,27
4329,20
4330,12
4331,27
4332,27
4333,40
4334,12
4335,26
4336,27
4337,46
4338,16
4339,27
4340,22
4341,19
4342,22
4343,12
4344,21
4345,38
4346,27
4347,12
4348,16
4349,14
4350,27
4351,45
4352,33
4353,26
4354,27
4355,24
4356,27
4357,11
4358,16
4359,29
4360,75
4361,52
4362,14
4363,35
4364,27
4365,8
4366,42
4367,18
4368,48
4369,27
4370,27
4371,27
4372,27
4373,27
4374,36
4375,27
4376,21
4377,43
4378,19
4379,19
4380,20
4381,17
4382,17
4383,32
4384,27
4385,17
4386,18
4387,18
4388,69
4389,29
4390,44
4391,10
4392,20
4393,23
4394,28
4395,27
4396,13
4397,44
4398,27
4399,16
4400,6
4401,42
4402,14
4403,21
4404,31
4405,26
4406,20
4407,27
4408,27
4409,27
4410,49
4411,36
4412,35
4413,26
4414,27
4415,16
4416,32
4417,20
4418,35
4419,15
4420,30
4421,27
4422,44
4423,31
4424,39
4425,20
4426,16
4427,11
4428,17
4429,29
4430,41
4431,43
4432,45
4433,28
4434,34
4435,52
4436,23
4437,20
4438,40
4439,31
4440,14
4441,27
4442,35
4443,55
4444,16
4445,24
4446,50
4447,10
4448,50
4449,28
4450,27
4451,27
4452,27
4453,27
4454,11
4455,30
4456,9
4457,22
4458,41
4459,19
4460,15
4461,13
4462,14
4463,30
4464,15
4465,15
4466,27
4467,29
4468,16
4469,36
4470,20
4471,47
4472,27
4473,19
4474,35
4475,24
4476,27
4477,27
4478,55
4479,32
4480,47
4481,18
4482,35
4483,14
4484,21
4485,36
4486,60
4487,52
4488,16
4489,21
4490,41
4491,34
4492,48
4493,27
4494,19
4495,23
4496,11
4497,26
4498,25
4499,18
4500,27
4501,27
4502,14
4503,84
4504,24
4505,54
4506,37
4507,44
4508,27
4509,50
4510,27
4511,28
4512,20
4513,12
4514,11
4515,18
4516,23
4517,30
4518,17
4519,36
4520,7
4521,17
4522,16
4523,27
4524,27
4525,9
4526,34
4527,20
4528,22
4529,18
4530,22
4531,15
4532,33
4533,51
4534,60
4535,12
4536,27
4537,15
4538,17
4539,27
4540,27
4541,27
4542,39
4543,21
4544,10
4545,58
4546,15
4547,18
4548,37
4549,16
4550,31
4551,50
4552,27
4553,27
4554,19
4555,15
4556,18
4557,8
4558,36
4559,30
4560,17
4561,19
4562,21
4563,16
4564,40
4565,41
4566,50
4567,30
4568,18
4569,27
4570,27
4571,19
4572,56
4573,46
4574,13
4575,22
4576,18
4577,27
4578,27
4579,27
4580,27
4581,24
4582,35
4583,35
4584,21
4585,27
4586,27
4587,36
4588,45
4589,13
4590,28
4591,27
4592,27
4593,27
4594,27
4595,22
4596,27
4597,27
4598,40
4599,27
4600,27
4601,21
4602,46
4603,22
4604,27
4605,31
4606,27
4607,15
4608,29
4609,47
4610,51
4611,27
4612,27
4613,61
4614,20
4615,27
4616,22
4617,20
4618,26
4619,22
4620,16
4621,57
4622,27
4623,27
4624,27
4625,27
4626,22
4627,28
4628,63
4629,24
4630,9
4631,9
4632,9
4633,44
4634,17
4635,16
4636,21
4637,8
4638,17
4639,27
4640,27
4641,45
4642,7
4643,27
4644,30
4645,51
4646,27
4647,11
4648,19
4649,13
4650,28
4651,27
4652,20
4653,27
4654,30
4655,47
4656,50
4657,27
4658,24
4659,38
4660,17
4661,27
4662,27
4663,26
4664,27
4665,40
4666,16
4667,15
4668,34
4669,34
4670,27
4671,59
4672,52
4673,27
4674,40
4675,27
4676,30
4677,38
4678,77
4679,16
4680,20
4681,38
4682,18
4683,11
4684,39
4685,27
4686,27
4687,19
4688,12
4689,27
4690,27
4691,27
4692,18
4693,27
4694,27
4695,51
4696,45
4697,26
4698,27
4699,27
4700,32
4701,27
4702,27
4703,37
4704,52
4705,70
4706,40
4707,20
4708,27
4709,25
4710,47
4711,27
4712,27
4713,27
4714,27
4715,32
4716,27
4717,33
4718,6
4719,22
4720,17
4721,11
4722,38
4723,20
4724,49
4725,27
4726,7
4727,14
4728,16
4729,19
4730,14
4731,22
4732,27
4733,24
4734,27
4735,25
4736,61
4737,13
4738,27
4739,14
4740,16
4741,27
4742,12
4743,8
4744,17
4745,37
4746,23
4747,21
4748,62
4749,40
4750,18
4751,15
4752,18
4753,68
4754,27
4755,44
4756,26
4757,28
4758,52
4759,35
4760,48
4761,57
4762,22
4763,15
4764,20
4765,36
4766,20
4767,55
4768,15
4769,26
4770,25
4771,18
4772,32
4773,27
4774,17
4775,30
4776,27
4777,26
4778,18
4779,27
4780,23
4781,27
4782,27
4783,44
4784,27
4785,29
4786,30
4787,49
4788,21
4789,21
4790,27
4791,52
4792,27
4793,28
4794,34
4795,46
4796,57
4797,24
4798,15
4799,27
4800,27
4801,18
4802,45
4803,15
4804,15
4805,21
4806,17
4807,28
4808,27
4809,11
4810,35
4811,15
4812,15
4813,35
4814,13
4815,54
4816,27
4817,46
4818,20
4819,27
4820,30
4821,33
4822,15
4823,31
4824,27
4825,26
4826,40
4827,7
4828,24
4829,43
4830,27
4831,22
4832,25
4833,27
4834,9
4835,35
4836,28
4837,13
4838,14
4839,11
4840,40
4841,27
4842,21
4843,7
4844,49
4845,27
4846,27
4847,14
4848,19
4849,15
4850,27
4851,41
4852,27
4853,27
4854,59
4855,24
4856,27
4857,34
4858,27
4859,34
4860,17
4861,27
4862,27
4863,23
4864,37
4865,12
4866,33
4867,20
4868,44
4869,52
4870,55
4871,16
4872,27
4873,19
4874,36
4875,27
4876,26
4877,18
4878,27
4879,20
4880,15
4881,22
4882,27
4883,29
4884,27
4885,15
4886,25
4887,43
4888,10
4889,25
4890,24
4891,54
4892,27
4893,24
4894,20
4895,41
4896,27
4897,30
4898,27
4899,26
4900,36
4901,16
4902,29
4903,59
4904,27
4905,42
4906,11
4907,27
4908,9
4909,27
4910,7
4911,26
4912,27
4913,24
4914,12
4915,13
4916,20
4917,27
4918,68
4919,63
4920,45
4921,27
4922,21
4923,19
4924,38
4925,38
4926,40
4927,27
4928,27
4929,27
4930,9
4931,27
4932,20
4933,27
4934,27
4935,27
4936,17
4937,18
4938,48
4939,30
4940,43
4941,48
4942,14
4943,15
4944,36
4945,27
4946,27
4947,20
4948,51
4949,19
4950,9
4951,30
4952,19
4953,15
4954,20
4955,7
4956,16
4957,52
4958,27
4959,27
4960,27
4961,54
4962,24
4963,15
4964,58
4965,12
4966,15
4967,36
4968,58
4969,14
4970,27
4971,56
4972,27
4973,23
4974,27
4975,27
4976,18
4977,27
4978,48
4979,23
4980,27
4981,27
4982,16
4983,22
4984,31
4985,52
4986,32
4987,27
4988,37
4989,42
4990,21
4991,14
4992,27
4993,32
4994,28
4995,27
4996,52
4997,34
4998,27
4999,31
5000,53
5001,24
5002,26
5003,27
5004,20
5005,27
5006,27
5007,20
5008,42
5009,27
5010,27
5011,14
5012,25
5013,26
5014,49
5015,27
5016,8
5017,14
5018,13
5019,27
5020,52
5021,39
5022,18
5023,16
5024,27
5025,15
5026,27
5027,30
5028,19
5029,32
5030,27
5031,27
5032,14
5033,66
5034,21
5035,32
5036,24
5037,18
5038,24
5039,24
5040,6
5041,40
5042,37
5043,28
5044,21
5045,49
5046,27
5047,9
5048,14
5049,15
5050,27
5051,40
5052,14
5053,35
5054,40
5055,27
5056,37
5057,29
5058,27
5059,46
5060,42
5061,53
5062,16
5063,17
5064,14
5065,24
5066,52
5067,27
5068,16
5069,15
5070,8
5071,9
5072,44
5073,17
5074,27
5075,33
5076,27
5077,27
5078,31
5079,27
5080,13
5081,38
5082,7
5083,47
5084,20
5085,20
5086,26
5087,19
5088,52
5089,27
5090,29
5091,27
5092,52
5093,15
5094,43
5095,51
5096,27
5097,40
5098,32
5099,43
5100,40
5101,44
5102,43
5103,11
5104,15
5105,50
5106,24
5107,34
5108,39
5109,45
5110,27
5111,27
5112,27
5113,27
5114,27
5115,27
5116,15
5117,27
5118,27
5119,51
5120,29
5121,10
5122,27
5123,27
5124,27
5125,49
5126,22
5127,27
5128,31
5129,13
5130,24
5131,27
5132,27
5133,27
5134,17
5135,25
5136,19
5137,27
5138,15
5139,17
5140,49
5141,27
5142,41
5143,27
5144,31
5145,33
5146,27
5147,27
5148,15
5149,27
5150,40
5151,19
5152,21
5153,61
5154,27
5155,17
5156,27
5157,27
5158,17
5159,16
5160,59
5161,15
5162,27
5163,24
5164,40
5165,49
5166,31
5167,52
5168,23
5169,20
5170,27
5171,27
5172,48
5173,27
5174,55
5175,49
5176,31
5177,27
5178,46
5179,50
5180,27
5181,27
5182,27
5183,14
5184,26
5185,52
5186,43
5187,12
5188,37
5189,27
5190,27
5191,57
5192,19
5193,26
5194,11
5195,14
5196,27
5197,41
5198,14
5199,14
5200,56
5201,27
5202,26
5203,27
5204,22
5205,25
5206,27
5207,27
5208,27
5209,15
5210,60
5211,34
5212,27
5213,27
5214,27
5215,39
5216,27
5217,23
5218,23
5219,10
5220,54
5221,27
5222,17
5223,27
5224,27
5225,21
5226,25
5227,18
5228,27
5229,22
5230,31
5231,10
5232,49
5233,58
5234,27
5235,39
5236,24
5237,27
5238,22
5239,18
5240,27
5241,27
5242,55
5243,20
5244,27
5245,32
5246,27
5247,27
5248,27
5249,9
5250,37
5251,27
5252,54
5253,27
5254,29
5255,14
5256,38
5257,31
5258,27
5259,18
5260,27
5261,46
5262,60
5263,19
5264,27
5265,27
5266,34
5267,24
5268,35
5269,68
5270,29
5271,10
5272,59
5273,27
5274,60
5275,58
5276,49
5277,20
5278,40
5279,18
5280,17
5281,13
5282,6
5283,20
5284,48
5285,19
5286,20
5287,21
5288,27
5289,27
5290,9
5291,55
5292,13
5293,10
5294,20
5295,16
5296,37
5297,27
5298,27
5299,35
5300,25
5301,47
5302,16
5303,27
5304,45
5305,31
5306,10
5307,43
5308,34
5309,24
5310,24
5311,27
5312,24
5313,27
5314,15
5315,29
5316,18
5317,29
5318,27
5319,27
5320,27
5321,22
5322,27
5323,19
5324,14
5325,30
5326,27
5327,27
5328,27
5329,20
5330,27
5331,27
5332,21
5333,33
5334,27
5335,47
5336,48
5337,70
5338,46
5339,54
5340,27
5341,70
5342,46
5343,27
5344,16
5345,27
5346,37
5347,16
5348,7
5349,55
5350,25
5351,38
5352,37
5353,27
5354,58
5355,27
5356,49
5357,32
5358,21
5359,36
5360,27
5361,27
5362,24
5363,30
5364,46
5365,48
5366,27
5367,27
5368,27
5369,27
5370,41
5371,49
5372,17
5373,32
5374,37
5375,43
5376,27
5377,37
5378,15
5379,86
5380,28
5381,27
5382,27
5383,33
5384,22
5385,27
5386,19
5387,28
5388,24
5389,28
5390,27
5391,31
5392,15
5393,35
5394,20
5395,27
5396,10
5397,22
5398,21
5399,28
5400,17
5401,16
5402,14
5403,12
5404,54
5405,27
5406,27
5407,6
5408,29
5409,27
5410,43
5411,14
5412,36
5413,54
5414,7
5415,30
5416,27
5417,32
5418,25
5419,12
5420,20
5421,16
5422,49
5423,10
5424,21
5425,27
5426,39
5427,48
5428,19
5429,19
5430,21
5431,27
5432,30
5433,37
5434,25
5435,17
5436,38
5437,27
5438,5
5439,21
5440,43
5441,48
5442,27
5443,29
5444,27
5445,51
5446,64
5447,27
5448,27
5449,50
5450,41
5451,32
5452,27
5453,26
5454,27
5455,42
5456,35
5457,27
5458,27
5459,10
5460,18
5461,63
5462,27
5463,27
5464,14
5465,27
5466,51
5467,35
5468,27
5469,27
5470,23
5471,27
5472,27
5473,34
5474,28
5475,53
5476,25
5477,44
5478,24
5479,27
5480,26
5481,27
5482,29
5483,27
5484,27
5485,27
5486,27
5487,42
5488,19
5489,31
5490,34
5491,27
5492,17
5493,15
5494,61
5495,20
5496,27
5497,21
5498,33
5499,27
5500,28
5501,27
5502,20
5503,28
5504,15
5505,47
5506,30
5507,20
5508,27
5509,22
5510,46
5511,33
5512,25
5513,12
5514,30
5515,57
5516,42
5517,16
5518,27
5519,27
5520,18
5521,23
5522,6
5523,16
5524,62
5525,12
5526,27
5527,16
5528,26
5529,6
5530,60
5531,29
5532,52
5533,42
5534,27
5535,43
5536,24
5537,23
5538,24
5539,22
5540,12
5541,50
5542,44
5543,48
5544,17
5545,27
5546,39
5547,56
5548,27
5549,31
5550,18
5551,34
5552,53
5553,56
5554,27
5555,8
5556,32
5557,37
5558,30
5559,27
5560,25
5561,19
5562,29
5563,52
5564,22
5565,21
5566,11
5567,42
5568,38
5569,27
5570,55
5571,24
5572,35
5573,39
5574,51
5575,25
5576,43
5577,30
5578,14
5579,32
5580,20
5581,61
5582,25
5583,31
5584,60
5585,32
5586,20
5587,29
5588,23
5589,27
5590,26
5591,27
5592,43
5593,62
5594,27
5595,27
5596,18
5597,48
5598,16
5599,27
5600,27
5601,46
5602,39
5603,28
5604,28
5605,68
5606,27
5607,30
5608,50
5609,27
5610,34
5611,47
5612,58
5613,24
5614,50
5615,53
5616,40
5617,21
5618,27
5619,9
5620,51
5621,34
5622,27
5623,16
5624,36
5625,42
5626,29
5627,30
5628,41
5629,11
5630,32
5631,27
5632,58
5633,10
5634,27
5635,27
5636,15
5637,28
5638,14
5639,27
5640,27
5641,20
5642,27
5643,29
5644,48
5645,63
5646,33
5647,15
5648,27
5649,50
5650,18
5651,50
5652,64
5653,18
5654,27
5655,40
5656,32
5657,56
5658,17
5659,27
5660,10
5661,19
5662,20
5663,27
5664,16
5665,27
5666,11
5667,50
5668,47
5669,27
5670,27
5671,9
5672,27
5673,3
5674,17
5675,25
5676,43
5677,27
5678,13
5679,21
5680,27
5681,45
5682,7
5683,27
5684,50
5685,12
5686,45
5687,55
5688,74
5689,6
5690,25
5691,45
5692,41
5693,27
5694,24
5695,60
5696,46
5697,27
5698,16
5699,77
5700,27
5701,25
5702,35
5703,58
5704,19
5705,57
5706,26
5707,30
5708,29
5709,35
5710,19
5711,37
5712,27
5713,27
5714,31
5715,24
5716,27
5717,28
5718,27
5719,28
5720,21
5721,21
5722,21
5723,27
5724,27
5725,10
5726,42
5727,42
5728,9
5729,27
5730,66
5731,38
5732,63
5733,27
5734,27
5735,27
5736,27
5737,25
5738,42
5739,27
5740,23
5741,27
5742,40
5743,27
5744,12
5745,44
5746,35
5747,38
5748,10
5749,27
5750,29
5751,37
5752,27
5753,22
5754,14
5755,43
5756,39
5757,16
5758,43
5759,27
5760,15
5761,27
5762,42
5763,48
5764,19
5765,27
5766,27
5767,14
5768,27
5769,63
5770,39
5771,61
5772,27
5773,8
5774,51
5775,27
5776,27
5777,20
5778,8
5779,50
5780,45
5781,10
5782,7
5783,10
5784,27
5785,26
5786,27
5787,31
5788,27
5789,27
5790,27
5791,29
5792,30
5793,33
5794,27
5795,17
5796,13
5797,16
5798,52
5799,20
5800,43
5801,50
5802,27
5803,36
5804,27
5805,23
5806,28
5807,27
5808,27
5809,15
5810,40
5811,29
5812,27
5813,27
5814,7
5815,13
5816,27
5817,27
5818,27
5819,27
5820,20
5821,34
5822,18
5823,27
5824,53
5825,44
5826,27
5827,27
5828,39
5829,13
5830,27
5831,17
5832,27
5833,40
5834,50
5835,27
5836,27
5837,17
5838,27
5839,12
5840,15
5841,34
5842,38
5843,17
5844,27
5845,27
5846,27
5847,24
5848,27
5849,20
5850,57
5851,27
5852,35
5853,41
5854,22
5855,27
5856,18
5857,36
5858,27
5859,9
5860,58
5861,52
5862,36
5863,23
5864,43
5865,70
5866,27
5867,13
5868,48
5869,71
5870,26
5871,63
5872,65
5873,29
5874,27
5875,27
5876,50
5877,30
5878,18
5879,13
5880,19
5881,19
5882,14
5883,47
5884,17
5885,11
5886,13
5887,27
5888,12
5889,16
5890,10
5891,36
5892,9
5893,37
5894,6
5895,47
5896,19
5897,43
5898,23
5899,27
5900,19
5901,18
5902,12
5903,27
5904,68
5905,32
5906,52
5907,32
5908,23
5909,27
5910,39
5911,38
5912,34
5913,45
5914,40
5915,31
5916,46
5917,35
5918,25
5919,40
5920,47
5921,52
5922,57
5923,10
5924,22
5925,10
5926,15
5927,38
5928,27
5929,21
5930,54
5931,27
5932,37
5933,27
5934,62
5935,29
5936,50
5937,42
5938,20
5939,27
5940,27
5941,16
5942,12
5943,27
5944,14
5945,27
5946,7
5947,22
5948,14
5949,13
5950,22
5951,18
5952,27
5953,25
5954,9
5955,27
5956,44
5957,32
5958,35
5959,21
5960,21
5961,42
5962,10
5963,50
5964,19
5965,28
5966,54
5967,9
5968,20
5969,28
5970,27
5971,27
5972,55
5973,22
5974,26
5975,27
5976,58
5977,32
5978,43
5979,71
5980,38
5981,27
5982,31
5983,11
5984,27
5985,48
5986,27
5987,27
5988,15
5989,27
5990,27
5991,41
5992,40
5993,45
5994,27
5995,65
5996,27
5997,31
5998,21
5999,41
6000,27
6001,12
6002,45
6003,19
6004,27
6005,9
6006,41
6007,27
6008,22
6009,46
6010,27
6011,34
6012,60
6013,69
6014,26
6015,26
6016,22
6017,12
6018,27
6019,15
6020,24
6021,39
6022,59
6023,23
6024,48
6025,11
6026,22
6027,57
6028,13
6029,52
6030,29
6031,27
6032,27
6033,23
6034,60
6035,64
6036,27
6037,19
6038,6
6039,19
6040,27
6041,27
6042,42
6043,43
6044,59
6045,11
6046,35
6047,34
6048,42
6049,27
6050,59
6051,27
6052,10
6053,27
6054,27
6055,61
6056,11
6057,9
6058,27
6059,31
6060,27
6061,36
6062,29
6063,18
6064,43
6065,27
6066,72
6067,40
6068,22
6069,21
6070,15
6071,49
6072,20
6073,37
6074,25
6075,27
6076,22
6077,9
6078,27
6079,12
6080,50
6081,51
6082,60
6083,27
6084,27
6085,27
6086,43
6087,43
6088,36
6089,16
6090,17
6091,32
6092,21
6093,29
6094,25
6095,27
6096,66
6097,27
6098,36
6099,36
6100,42
6101,41
6102,58
6103,73
6104,65
6105,20
6106,19
6107,40
6108,61
6109,55
6110,27
6111,16
6112,20
6113,47
6114,35
6115,48
6116,27
6117,57
6118,55
6119,27
6120,21
6121,37
6122,27
6123,27
6124,27
6125,22
6126,26
6127,26
6128,27
6129,27
6130,58
6131,25
6132,27
6133,30
6134,58
6135,17
6136,39
6137,51
6138,16
6139,21
6140,10
6141,35
6142,68
6143,27
6144,17
6145,28
6146,17
6147,27
6148,27
6149,40
6150,27
6151,20
6152,28
6153,33
6154,14
6155,27
6156,18
6157,33
6158,29
6159,41
6160,73
6161,27
6162,20
6163,32
6164,27
6165,30
6166,19
6167,27
6168,48
6169,27
6170,27
6171,82
6172,34
6173,14
6174,27
6175,16
6176,27
6177,27
6178,13
6179,32
6180,46
6181,27
6182,27
6183,27
6184,50
6185,40
6186,8
6187,40
6188,27
6189,27
6190,37
6191,27
6192,27
6193,12
6194,10
6195,15
6196,27
6197,34
6198,20
6199,13
6200,27
6201,69
6202,27
6203,11
6204,3
6205,37
6206,17
6207,27
6208,27
6209,42
6210,27
6211,27
6212,35
6213,27
6214,18
6215,27
6216,27
6217,25
6218,28
6219,13
6220,27
6221,27
6222,33
6223,27
6224,27
6225,31
6226,40
6227,54
6228,27
6229,27
6230,15
6231,60
6232,17
6233,27
6234,27
6235,31
6236,7
6237,22
6238,25
6239,24
6240,14
6241,25
6242,27
6243,49
6244,26
6245,25
6246,24
6247,35
6248,54
6249,27
6250,20
6251,28
6252,27
6253,40
6254,18
6255,14
6256,45
6257,46
6258,27
6259,35
6260,34
6261,55
6262,38
6263,18
6264,69
6265,10
6266,25
6267,19
6268,12
6269,27
6270,56
6271,27
6272,37
6273,41
6274,34
6275,54
6276,29
6277,33
6278,32
6279,27
6280,60
6281,27
6282,27
6283,30
6284,27
6285,27
6286,27
6287,34
6288,21
6289,10
6290,10
6291,32
6292,12
6293,15
6294,52
6295,18
6296,27
6297,27
6298,27
6299,48
6300,11
6301,57
